fish_id,Genotype,Trial,Distance_travelled,Velocity_mean,Velocity_var,Time_moving,Freq_moving,Acceleration_max,Acceleration_min,Freq_in_middle,Time_in_middle,Dist_to_middle_mean,Dist_to_middle_var,Mobility_var,Mobility_mean
1.4-7.10,het,4,0.8359016666666667,0.013934926666666667,0.07253756666666666,0,0,92.54966666666667,-92.54966666666667,0,0,2.56596,0.00138094973346277,0.09968966666666666,0.014040970000000002
1.4-7.10,het,8,87.5805,1.4596753333333334,17.267323333333334,20.4,27,892.7003333333333,-921.1733333333333,2,3.7466666666666666,2.5069766666666666,0.8881479999999999,177.09483333333333,4.401696666666667
1.4-7.10,het,14,98.5676,1.6437376666666668,18.37693,24.08,32,566.075,-450.223,2.6666666666666665,13.6,1.7926449999999998,1.1392836666666666,214.0828,5.201883333333333
10.4-7.10,het,1,29.492896666666667,0.49154800000000004,6.606616666666667,4.72,10,1155.4926666666665,-893.5406666666667,2.3333333333333335,11.453333333333333,1.0169516666666667,0.5625720666666667,47.588366666666666,1.3634563333333332
10.4-7.10,het,5,152.22706666666667,2.5382266666666666,26.920866666666665,37.42666666666667,35,795.253,-561.4573333333334,2.6666666666666665,9.533333333333333,1.87398,1.0660706666666666,181.33433333333332,6.24071
10.4-7.10,het,9,131.78733333333332,2.1972666666666667,25.169966666666667,35.986666666666665,46,1234.3283333333334,-1181.365,4.333333333333333,13.573333333333334,1.5229066666666666,1.3165473333333333,169.67233333333334,5.4079733333333335
10.4-7.10,het,15,133.96666666666667,2.2327833333333333,22.357866666666666,35.693333333333335,42,625.2596666666667,-512.2676666666667,3,6.92,2.0017233333333335,1.177029,171.04266666666666,5.61351
11.4-7.10,hom,1,11.84443,0.1974071,2.241266,1.9466666666666665,2.6666666666666665,297.6653333333333,-279.49666666666667,1.3333333333333333,58.32,0.035132333333333335,0.066167,18.733508999999998,0.4661643666666666
11.4-7.10,hom,5,15.018942000000001,0.2509367866666667,3.0547959,2.853333333333333,2.6666666666666665,314.32966666666664,-316.2703333333333,0,0,2.9233700000000002,0.0037169716666666667,32.449572266666664,0.7024761366666668
11.4-7.10,hom,9,14.385283333333334,0.23982833333333334,2.627038333333333,0.8266666666666667,1.3333333333333333,539.651,-418.07433333333336,0.3333333333333333,5.1066666666666665,2.3698,0.4389757333333333,13.296093333333333,0.42405733333333334
11.4-7.10,hom,15,45.68597666666667,0.761435,7.595212,11.586666666666666,13.333333333333334,420.883,-372.17766666666665,3,28.253333333333334,0.7883532666666667,0.5473345666666667,74.54411,2.0605823333333335
12.4-7.10,het,1,171.858,2.8643,31.800033333333335,41.42666666666667,39,1102.3906666666667,-964.418,3.6666666666666665,4.44,2.5713166666666667,1.1451726666666666,295.8353333333333,8.165126666666666
12.4-7.10,het,5,2.4612133333333333,0.0410513,0.21540066666666668,0,0,143.29566666666668,-143.29566666666668,0,0,2.40149,0.07621409999999999,0.28410633333333335,0.0440589
12.4-7.10,het,9,13.05968,0.21769186666666668,1.7438666666666667,1.52,2.3333333333333335,437.76933333333335,-279.0973333333333,0,0,2.9223666666666666,0.02685564,14.506150333333334,0.4435215
12.4-7.10,het,15,5.310346666666667,0.08850566666666666,0.49246333333333336,0,0,169.83333333333331,-162.57133333333334,0.3333333333333333,6.266666666666667,1.5600563333333333,0.13676656666666667,1.2047036666666666,0.1264699
13.4-7.10,hom,1,62.63524666666666,1.0439196666666666,11.145776666666666,15.226666666666667,16.666666666666668,856.8916666666667,-537.184,1.3333333333333333,1.5333333333333334,3.169306666666667,0.5277414,92.04482666666667,2.7764233333333332
13.4-7.10,hom,5,16.11383,0.2687626666666667,2.224735,2.2533333333333334,3.3333333333333335,382.633,-328.88733333333334,0.3333333333333333,1.04,2.1447966666666667,0.46101733333333333,26.916136666666667,0.7094053333333333
13.4-7.10,hom,9,144.50683333333333,2.40907,23.070766666666668,37.906666666666666,39.333333333333336,602.1243333333333,-509.67466666666667,3.6666666666666665,5.32,2.00642,0.987528,210.57633333333334,6.38506
13.4-7.10,hom,15,58.3328,0.972214,9.17151,14.24,21,719.4206666666666,-481.527,3.6666666666666665,11.493333333333334,1.4974276666666666,1.270817,81.20676666666667,2.456256666666667
14.4-7.10,wt,1,3.973845,0.06623076666666666,0.4521305,0.5066666666666667,1,209.22533333333334,-221.36766666666668,0,0,2.246043333333333,0.04857616666666666,2.12498,0.12777353333333333
14.4-7.10,wt,5,0.7919873333333334,0.0132059,0.07166603333333332,0,0,138.22766666666666,-138.22766666666666,0,0,1.9369466666666666,0.003193328666666667,0.2502216666666667,0.024219333333333332
14.4-7.10,wt,9,38.57319666666667,0.6429226,5.269635666666667,8.76,8,408.431,-286.66133333333335,0.6666666666666666,20.36,1.54281,1.0073283333333334,46.546596,1.6839137666666666
14.4-7.10,wt,15,96.59546666666667,1.6099233333333334,17.415633333333332,24.213333333333335,34.666666666666664,598.145,-525.6283333333333,6.666666666666667,13.826666666666666,1.1523613333333333,0.9862826666666666,155.43666666666667,4.37063
15.4-7.10,wt,1,161.137,2.6856166666666668,32.35236666666667,38.053333333333335,39,847.568,-858.87,0.6666666666666666,1.56,2.97171,0.7180329666666666,246.127,7.051003333333334
15.4-7.10,wt,5,15.71343,0.2619027666666667,2.9623847333333333,2.973333333333333,4,364.32433333333336,-277.6743333333333,0.6666666666666666,1.9466666666666665,2.2489766666666666,0.41980148933333333,27.721950666666665,0.6796928333333333
15.4-7.10,wt,9,4.1906,0.06984346666666666,0.5767606666666667,0.4666666666666666,0.6666666666666666,152.42733333333334,-127.60266666666668,0.3333333333333333,0.12,2.6562333333333332,0.055951747759,6.852504,0.17956946666666668
15.4-7.10,wt,15,123.307,2.05512,24.991866666666667,29.066666666666666,35,827.9413333333333,-565.5686666666667,4.666666666666667,7.24,1.9360633333333332,1.2119566666666666,202.89399999999998,5.464966666666667
16.4-7.10,wt,1,1.6273386666666667,0.02712234666666667,0.2075781,0,0,213.69966666666667,-213.69966666666667,0,0,1.0527353333333334,0.032743181333333336,0.6354712666666666,0.04400211666666667
16.4-7.10,wt,5,45.8024,0.7642136666666667,6.441773333333334,8.1466666666666665,14,517.8676666666667,-577.402,2,12.173333333333334,1.4899066666666667,1.4603666666666666,51.487566666666666,1.7570919999999999
16.4-7.10,wt,9,58.95556666666667,0.9830863333333333,9.160833333333333,12.453333333333333,18,483.738,-395.702,2.6666666666666665,8.48,1.6763333333333335,1.2699433333333334,76.79816666666667,2.385526666666667
16.4-7.10,wt,15,105.01883333333333,1.7503126666666668,20.424526666666665,23.986666666666665,27,907.8576666666667,-590.1003333333333,3,8.026666666666667,1.7341,1.1966633333333334,146.0832,4.24961
17.4-7.10,wt,1,146.68533333333332,2.4447533333333333,30.091633333333334,35.77333333333333,49,1009.3953333333334,-764.5743333333334,1.3333333333333333,2.96,2.5193266666666667,0.8662316666666666,263.8093333333333,6.798163333333333
17.4-7.10,wt,5,66.29343333333333,1.1062393333333334,12.189,14.76,23.666666666666668,569.514,-490.98266666666666,3.3333333333333335,17.613333333333333,1.3325646666666666,0.634301,121.84206666666667,3.026603333333333
17.4-7.10,wt,9,56.026466666666664,0.9342206666666667,8.85971,13.76,21.666666666666668,454.68466666666666,-406.725,1.3333333333333333,4.04,2.208763333333333,0.6932113333333333,88.9874,2.5214733333333332
17.4-7.10,wt,15,4.342456666666667,0.07237426666666666,0.4260773333333333,0.16,0.3333333333333333,208.71366666666665,-184.78333333333333,0,0,2.5635433333333335,0.01895494,2.805626666666667,0.14175656666666667
18.4-7.10,hom,1,11.866343333333333,0.19777273333333334,1.1915473333333333,0.8533333333333334,1.6666666666666667,193.811,-206.822,0,0,2.3284066666666665,0.11216323333333333,5.388383666666667,0.34059490000000003
18.4-7.10,hom,5,76.7527,1.2803066666666667,13.5026,19.066666666666666,31,637.8290000000001,-458.84633333333335,2.6666666666666665,8.08,2.2954333333333334,1.2041413333333333,126.30999999999999,3.448166666666667
18.4-7.10,hom,9,99.09793333333333,1.65214,18.082766666666668,26.04,40.333333333333336,679.9236666666667,-584.3356666666666,3,7.28,2.227203333333333,1.1353843333333333,162.88033333333334,4.441306666666667
18.4-7.10,hom,15,124.42963333333333,2.0738266666666667,21.208766666666666,33.49333333333333,40.666666666666664,670.1253333333333,-479.309,3,5.666666666666667,2.0610333333333335,1.10968,173.48066666666668,5.43052
19.4-7.10,wt,1,166.52,2.7753366666666666,33.9563,39.29333333333334,43.666666666666664,1171.5963333333334,-1207.9486666666667,3.6666666666666665,5.266666666666667,2.3058433333333332,1.1755143333333333,237.81666666666666,7.13546
19.4-7.10,wt,5,87.18809999999999,1.4543199999999998,16.7289,20.64,26.333333333333332,901.2996666666667,-551.237,4.333333333333333,15.146666666666667,1.5665526666666665,1.354054,122.70623333333333,3.6320799999999998
19.4-7.10,wt,9,65.048,1.084486,12.704886666666667,15.36,21.333333333333332,702.8336666666667,-484.95166666666665,2.6666666666666665,7.8,1.8082366666666667,0.986312,105.9541,2.80669
19.4-7.10,wt,15,60.51883333333333,1.0086466666666667,11.827753333333334,13.933333333333334,22.666666666666668,559.438,-473.9406666666667,3.6666666666666665,9.6,1.27609,0.9302243333333333,103.3508,2.61188
2.4-7.10,hom,4,28.966133333333335,0.4831663333333333,5.04096,4.946666666666667,7.333333333333333,417.179,-210.43266666666668,1.6666666666666667,4.786666666666667,2.00908,0.6470706666666834,54.4314,1.3414933333333334
2.4-7.10,hom,8,99.50086666666667,1.658347,19.03653333333333,22.493333333333332,35.333333333333336,881.8583333333333,-652.424,5.333333333333333,14.32,1.4360933333333332,1.6031966666666666,185.10533333333333,4.697806666666667
2.4-7.10,hom,14,21.696463333333334,0.36169793333333333,4.956614999999999,3.48,5.333333333333333,443.733,-289.8426666666667,0,0,2.87589,0.14865120333333331,45.26382666666667,0.9400170999999999
20.4-7.10,wt,1,152.09166666666667,2.53486,33.221266666666665,33.93333333333334,38,1386.7826666666665,-1216.14,2.3333333333333335,4.573333333333333,2.3290766666666665,1.2812533333333334,223.31166666666667,6.32736
20.4-7.10,wt,5,35.461396666666666,0.5911243333333334,6.086320000000001,7.92,11.666666666666666,457.967,-494.69800000000004,3,26.52,0.5451906666666666,0.506096,51.330466666666666,1.4728023333333333
20.4-7.10,wt,9,1.309254,0.021837733333333335,0.12018746666666667,0,0,148.56466666666665,-149.25966666666667,0,0,1.9906233333333334,0.0382944,0.3705563,0.03069365
20.4-7.10,wt,15,30.438996666666668,0.5073168333333333,4.764036333333333,5.693333333333333,10,478.4736666666667,-360.901,3.6666666666666665,20.88,0.41264233333333333,0.31816876666666666,38.13163333333333,1.18819
21.4-7.10,wt,1,0.879216,0.014653590000000001,0.08094976666666667,0,0,151.64233333333334,-151.64233333333334,0,0,2.5439633333333336,2.9784836666666667e-4,0.08773103333333333,0.014434546666666666
21.4-7.10,wt,5,8.037749999999999,0.13424646666666668,0.8497956666666666,1.2533333333333334,1.3333333333333333,216.33833333333334,-209.42133333333334,0,0,3.45764,0.005218996333333333,2.7021686666666667,0.21610663333333333
21.4-7.10,wt,9,20.80439,0.346856,2.8154536666666665,3.626666666666667,4.333333333333333,296.668,-352.01233333333334,0.3333333333333333,2.8533333333333335,2.6339566666666667,0.6148110999999999,22.335273333333333,0.7678143333333334
21.4-7.10,wt,15,10.575103333333333,0.176252,1.6655703333333334,1.0133333333333334,1.6666666666666667,515.057,-379.8516666666667,2.6666666666666665,15.306666666666668,0.5749803333333333,0.20470906666666666,6.565246666666666,0.28362133333333334
22.4-7.10,het,1,4.785073333333333,0.0797512,0.4345016666666667,0,0,162.67566666666667,-159.27766666666668,0,0,3.0811333333333333,0.012691285,0.8056326666666667,0.09856583333333332
22.4-7.10,het,5,216.87533333333332,3.61714,40.713766666666665,47.52,30.666666666666668,977.014,-706.186,2.3333333333333335,3.68,2.78717,1.1325266666666667,280.301,8.745460000000001
22.4-7.10,het,9,25.757466666666666,0.42944366666666667,3.8240966666666667,5.413333333333333,7.666666666666667,452.283,-390.1256666666667,0.3333333333333333,1.0266666666666666,2.9402399999999997,0.2958769666666667,36.786433333333335,1.0494543333333333
22.4-7.10,het,15,53.510333333333335,0.89184,10.646566666666667,11.733333333333334,14.333333333333334,752.779,-734.1053333333333,1,2.7733333333333334,2.4150566666666666,0.9226183333333333,86.6614,2.2288026666666667
23.4-7.10,het,1,5.78558,0.0964263,0.5569696666666667,0.16,0.3333333333333333,206.34733333333332,-187.22799999999998,0,0,1.3123646666666666,0.11671629666666666,1.732369,0.13965953333333334
23.4-7.10,het,5,3.267654,0.05452856666666667,0.6266236,0.18666666666666668,0.3333333333333333,460.245,-372.05566666666664,0,0,3.3676733333333333,0.010321956,5.2879950000000004,0.14666883333333333
23.4-7.10,het,9,7.12966,0.11890453333333334,1.8431493333333333,1.1333333333333333,1.6666666666666667,635.4206666666666,-437.79566666666665,0,0,2.8987266666666667,0.010802716666666667,14.281143333333333,0.285784
23.4-7.10,het,15,35.4653,0.5910876666666667,4.0310033333333335,8.1466666666666665,8.333333333333334,365.606,-396.30466666666666,0,0,2.84525,0.03677222333333333,63.31556666666667,2.199327666666667
24.4-7.10,het,1,35.586240000000004,0.5931053366666666,6.98285,7.573333333333333,11.333333333333334,618.3763333333333,-445.8206666666667,1.3333333333333333,7.546666666666667,2.14628,0.9451094078666666,65.7101532,1.6093490666666666
24.4-7.10,het,5,20.499079000000002,0.3425332333333333,4.422283533333333,4,6,318.553,-269.14366666666666,0.3333333333333333,0.6533333333333333,2.0365466666666667,0.119534713,39.205815666666666,0.9082005333333334
24.4-7.10,het,9,24.60953333333333,0.41026233333333334,4.943993333333333,4.093333333333334,6.666666666666667,670.5723333333333,-444.38666666666666,1,6.413333333333334,2.1542666666666666,0.8130836333333333,40.2754,1.010626
24.4-7.10,het,15,123.18533333333333,2.0530833333333334,28.2762,27.88,34.333333333333336,937.2876666666666,-862.0896666666666,1.3333333333333333,3.466666666666667,2.4456366666666667,0.8584993333333333,195.44066666666666,5.338046666666666
25.4-7.10,hom,1,105.18403333333333,1.7530700000000001,15.193333333333333,29.88,45.333333333333336,753.6886666666667,-510.58133333333336,3.6666666666666665,8.333333333333334,1.7781766666666667,1.3040666666666667,151.04566666666668,4.829783333333333
25.4-7.10,hom,5,65.33283333333333,1.089684,8.645016666666667,15.88,28.333333333333332,548.6523333333333,-459.9836666666667,3.3333333333333335,14.96,1.1308643333333332,0.8083923333333334,90.58306666666667,2.9075433333333334
25.4-7.10,hom,9,65.0551,1.0847103333333334,9.258293333333334,17.21333333333333,31,490.8593333333333,-421.2776666666667,4,19.4,1.171685,0.869525,91.8202,2.84635
25.4-7.10,hom,15,104.52936666666666,1.74216,16.340700000000002,27.693333333333335,39.666666666666664,764.5889999999999,-775.8833333333333,4,9.493333333333334,1.55067,1.2045213333333333,129.00833333333333,4.38702
26.4-7.10,wt,1,198.78633333333335,3.31311,51.31166666666667,43.839999999999996,43.333333333333336,1524.9733333333334,-1133.122,1.3333333333333333,1.92,2.9317166666666665,0.7496943333333332,343.7733333333333,9.047956666666666
26.4-7.10,wt,5,15.083813333333334,0.25183733333333336,1.8036783333333333,2.2666666666666666,2,271.1863333333333,-267.2796666666667,0,0,1.6201333333333334,0.10849108666666667,17.106640333333335,0.6226063333333334
26.4-7.10,wt,9,21.551133333333333,0.35928533333333335,2.9364266666666667,2.8666666666666667,4.666666666666667,646.165,-345.3736666666667,0,0,2.579553333333333,0.4240856666666667,13.196516666666666,0.6577453333333333
26.4-7.10,wt,15,22.151216666666667,0.36918696666666667,43.409034999999996,0.29333333333333333,0.3333333333333333,878.5266666666668,-1072.9366666666667,0,0,3.024923333333333,0.18759553333333334,21.658180333333334,0.3207376666666667
27.4-7.10,het,1,82.99886666666667,1.383312,15.312863333333334,20.186666666666667,23,1106.2573333333332,-871.172,2,4.093333333333334,2.39701,1.0225953333333333,122.8699,3.6461053333333333
27.4-7.10,het,5,38.456336666666665,0.6409604,6.241057333333333,8.959999999999999,12.333333333333334,410.199,-271.06100000000004,2.3333333333333335,41.906666666666666,0.7504400000000001,0.6263566666666667,49.81275433333333,1.5632707666666665
27.4-7.10,het,9,90.28776666666667,1.50526,17.48603333333333,20.36,27.333333333333332,701.944,-910.6943333333334,5,13.613333333333333,1.33257,1.08749,139.527,3.86108
27.4-7.10,het,15,121.81909999999999,2.0303233333333335,21.805266666666665,29.759999999999998,32,1114.275,-612.7393333333333,3.6666666666666665,9.16,2.18579,1.5987766666666667,168.504,5.1930266666666665
28.4-7.10,het,1,30.547976666666667,0.5091330666666667,4.586707666666667,6.1066666666666665,7.666666666666667,594.6463333333334,-542.9086666666666,0,0,3.1721766666666666,0.259789,43.539590999999994,1.3673750666666666
28.4-7.10,het,5,15.096753333333334,0.2519033333333333,2.227665,1.8533333333333333,2.3333333333333335,339.3053333333333,-479.3143333333333,0.6666666666666666,11.986666666666666,0.618611,0.4410274,13.746406666666667,0.4879716666666667
28.4-7.10,het,9,48.26531,0.804474,14.798389,7.453333333333333,10.333333333333334,1088.1816666666666,-651.7470000000001,1.3333333333333333,5.8933333333333335,1.2630866666666667,0.6414876666666667,64.15659000000001,1.802785
28.4-7.10,het,15,49.1362,0.8189343333333333,10.9247,8.866666666666667,10,647.9316666666666,-465.958,4,9.266666666666667,1.5151273333333333,0.43688483333333333,66.68785333333334,1.854597
29.4-7.10,het,1,63.574259999999995,1.059572,10.897445333333334,15.906666666666666,26.666666666666668,489.04,-495.6816666666667,3,7.8533333333333335,1.69587,0.6741845533333333,112.94807666666667,2.948592333333333
29.4-7.10,het,5,185.325,3.0910466666666667,35.4221,45.70666666666667,40,792.9046666666667,-669.9646666666666,4.333333333333333,7.76,2.0059033333333334,1.1386406666666666,312.282,8.52127
29.4-7.10,het,9,146.38633333333334,2.4407966666666665,28.7321,35.13333333333333,42.666666666666664,783.851,-667.9706666666666,3.6666666666666665,10.373333333333333,1.6893433333333334,1.248089,264.1153333333333,6.818863333333334
29.4-7.10,het,15,174.088,2.9014633333333335,32.38816666666666,43.973333333333336,40.333333333333336,871.752,-591.64,6.666666666666667,13.48,1.4855566666666666,1.1012733333333333,273.93666666666667,7.77063
3.4-7.10,hom,4,2.874033333333333,0.04790066666666667,0.45637666666666665,0.7866666666666666,1.3333333333333333,123.67766666666667,-109.545,0,0,2.1603666666666665,0.021760591333333332,5.3406666666666665,0.12927166666666667
3.4-7.10,hom,8,2.47526,0.041254266666666664,0.21108566666666667,0,0,135.69833333333332,-135.69833333333332,0,0,1.5880966666666667,0.06486927333333334,0.23227533333333333,0.038081166666666666
3.4-7.10,hom,14,17.77279,0.2962683333333333,7.6007723333333335,1.16,1.3333333333333333,625.8043333333333,-568.3676666666667,0,0,2.66134,0.2578239333333333,55.159733333333335,0.8026353333333333
30.4-7.10,het,1,8.615753333333334,0.14359566666666668,0.92716,0.5466666666666667,1,225.509,-226.32033333333334,0,0,3.19988,0.06846307333333333,7.39953,0.33087133333333335
30.4-7.10,het,5,6.666426666666667,0.11113426666666666,0.7844996666666667,0.38666666666666666,0.6666666666666666,251.30633333333336,-234.189,0,0,1.3342166666666666,0.03256761666666667,3.924488333333333,0.18358433333333335
30.4-7.10,het,9,18.423906666666667,0.3071373333333334,2.69644,3.2,5,517.3589999999999,-448.916,0.6666666666666666,2.466666666666667,2.281163333333333,0.23478475666666668,16.77988,0.6665206666666667
30.4-7.10,het,15,75.88486666666667,1.2647483333333334,12.57972,16.853333333333335,20.666666666666668,504.8446666666667,-502.0946666666667,3.3333333333333335,9.333333333333334,2.029522,0.9101043333333333,105.3454,3.1244533333333333
31.4-7.10,hom,1,26.409103333333334,0.44015166666666666,4.4897833333333335,4.8533333333333335,6.666666666666667,399.86266666666666,-365.27333333333337,1.6666666666666667,26.733333333333334,1.2066958333333333,1.14768321,38.76782,1.0343123333333333
31.4-7.10,hom,5,36.5072,0.6090806666666667,7.440626666666667,7.786666666666667,11.333333333333334,860.2816666666666,-606.1496666666667,1.6666666666666667,29.053333333333335,0.8901996666666667,0.569006,55.845933333333335,1.5447366666666666
31.4-7.10,hom,9,37.41447,0.6236117333333333,7.011900333333333,8.986666666666666,15.333333333333334,555.045,-518.9263333333333,1.6666666666666667,7.826666666666667,1.5888900000000001,0.5483133333333333,62.90080333333333,1.7102030000000001
31.4-7.10,hom,15,145.9174,2.431963333333333,27.679266666666667,33.400000000000006,37.666666666666664,1064.7706666666666,-819.4359999999999,4.333333333333333,9.626666666666667,1.84265,1.1743766666666666,196.05566666666667,5.966966666666667
32.4-7.10,het,2,130.26476666666667,2.1720966666666666,28.11863333333333,30.693333333333335,29,1245.1343333333334,-839.2683333333333,2.3333333333333335,5.2,2.5029166666666667,1.2032016666666667,231.22533333333334,6.084556666666667
32.4-7.10,het,6,144.06423333333333,2.40107,25.9909,34.72,34.333333333333336,928.3199999999999,-663.0953333333334,1.6666666666666667,5.48,2.3950233333333335,1.256125,218.65966666666668,6.475203333333333
32.4-7.10,het,10,70.32716666666667,1.17212,13.027533333333333,17.333333333333336,23.333333333333332,720.1036666666666,-553.5266666666666,4.666666666666667,23.973333333333333,1.2201186666666666,1.2745326666666665,134.64743333333334,3.393746666666667
32.4-7.10,het,16,178.27533333333332,2.9728266666666667,34.73866666666667,39.2,36,1267.1396666666667,-1038.404,4.333333333333333,7.8,1.9945766666666667,1.38754,248.953,7.544976666666667
33.4-7.10,hom,2,7.43685,0.1239761,1.6368276666666666,1.04,2,414.9103333333333,-457.56066666666663,0.6666666666666666,0.6266666666666666,2.0984766666666665,0.2832342666666667,8.969333333333333,0.257246
33.4-7.10,hom,6,8.457681000000001,0.14096146,1.6861920666666668,1.0933333333333333,1.3333333333333333,399.96733333333333,-387.71833333333336,0,0,2.36872,0.0073521742,13.613828,0.35162876666666665
33.4-7.10,hom,10,14.478250000000001,0.241304,1.8686633333333333,1.8666666666666667,3,380.12933333333336,-384.006,0,0,2.9200833333333334,0.07287010000000001,15.385466666666666,0.5629246666666667
33.4-7.10,hom,16,3.6748833333333333,0.06126413333333333,0.417527,0.21333333333333335,0.3333333333333333,210.37266666666667,-143.21233333333333,0,0,1.3152233333333332,0.02148308,1.3261966666666667,0.09071723333333333
34.4-7.10,het,2,181.26266666666666,3.0222466666666667,34.8549,41.49333333333333,35.666666666666664,1168.0113333333334,-1244.7133333333334,5.333333333333333,8.613333333333333,2.3646833333333332,1.4973746666666667,300.418,8.138193333333334
34.4-7.10,het,6,247.203,4.120046666666667,52.889900000000004,47.986666666666665,32.333333333333336,1163.845,-824.233,4,5.1066666666666665,2.4102033333333335,1.1712893333333334,375.446,10.367456666666666
34.4-7.10,het,10,225.967,3.766113333333333,49.5176,47.10666666666667,32.666666666666664,1025.1373333333333,-914.6426666666667,3,3.6,2.8851466666666665,1.0144313333333335,345.04966666666667,9.43085
34.4-7.10,het,16,140.25233333333333,2.3386466666666665,28.066566666666667,33.013333333333335,38.666666666666664,1069.3829999999998,-1079.8463333333334,3.6666666666666665,6.773333333333333,2.1429233333333335,1.24566,206.09099999999998,5.879283333333333
35.4-7.10,het,2,13.940016666666667,0.23257936666666668,4.023392,2.48,3.6666666666666665,699.9333333333333,-545.124,0.3333333333333333,0.10666666666666667,2.8215833333333333,0.22366025666666664,20.84404,0.5475517666666666
35.4-7.10,het,6,14.6176,0.24362643333333334,2.664539,1.8266666666666669,2.6666666666666665,423.0453333333333,-398.617,0,0,3.13774,0.020026053333333335,13.964316,0.5143341666666666
35.4-7.10,het,10,27.627966666666666,0.46046533333333334,5.758946666666667,6.279999999999999,10.333333333333334,681.3820000000001,-549.4583333333333,0.3333333333333333,1.4533333333333334,2.4836666666666667,0.37539296666666666,51.624,1.2937023333333333
35.4-7.10,het,16,56.5489,0.9428253333333333,7.4713666666666665,15.786666666666667,16.666666666666668,445.133,-359.229,0,0,2.8699733333333333,0.11970170000000001,63.1632,2.4995833333333333
36.4-7.10,het,2,118.92883333333333,1.98308,22.890733333333333,27.826666666666664,34.666666666666664,980.5613333333333,-636.2003333333333,3,4.586666666666666,2.50272,1.1572390000000001,217.3756666666667,5.6649899999999995
36.4-7.10,het,6,65.34136666666666,1.0890206666666666,14.05433,15.186666666666667,21.333333333333332,818.7180000000001,-500.39033333333333,1.3333333333333333,3.0533333333333332,2.4932933333333334,0.7971013333333333,125.30030000000001,3.023873666666667
36.4-7.10,het,10,131.99166666666667,2.1998633333333335,30.608033333333335,29.746666666666666,34.333333333333336,1295.1873333333333,-879.3806666666667,1.3333333333333333,4.986666666666666,2.630183333333333,1.150611,241.72033333333334,6.067006666666667
36.4-7.10,het,16,145.017,2.4179833333333334,28.0898,35.22666666666667,40.666666666666664,943.993,-614.0923333333334,2.3333333333333335,3.96,2.4461933333333334,1.1048153333333333,218.89,6.426103333333333
37.4-7.10,wt,2,91.58974666666666,1.5272491333333333,16.811598333333333,22.52,23,677.866,-463.8906666666667,2,1.68,2.3387066666666665,0.49724823333333334,167.73845,4.474691333333333
37.4-7.10,wt,6,150.5469,2.5091133333333335,30.076866666666664,35.96,37.666666666666664,1054.1256666666668,-894.8196666666666,3,3.5733333333333333,2.3992066666666667,1.1301233333333334,259.99266666666665,7.1681
37.4-7.10,wt,10,121.3887,2.02314,22.075366666666667,30.733333333333334,36,684.3973333333333,-540.1713333333333,2,4.96,2.358816666666667,0.943907,211.95233333333334,5.9344133333333335
37.4-7.10,wt,16,256.0093333333333,4.26876,66.16866666666667,49.16,38,1450.82,-916.4580000000001,4,4.8,2.3032500000000002,1.2613533333333333,423.308,11.317953333333334
38.4-7.10,wt,2,165.86666666666667,2.7656733333333334,32.63556666666666,42.54666666666667,37,1056.6013333333333,-750.4353333333333,2.6666666666666665,4.906666666666666,2.1688733333333334,1.10283,272.1143333333333,7.773466666666667
38.4-7.10,wt,6,172.5113333333333,2.87519,34.696600000000004,41.666666666666664,33,1404.5256666666667,-1020.0830000000001,3.3333333333333335,7.933333333333334,2.42207,1.4121266666666668,245.52333333333334,7.40045
38.4-7.10,wt,10,137.17000000000002,2.2861633333333335,25.70126666666667,35.96,41.333333333333336,974.5026666666666,-941.2793333333333,3,5.4799999999999995,2.378563333333333,1.2419063333333333,229.09766666666667,6.320783333333333
38.4-7.10,wt,16,308.6,5.145483333333334,76.99589999999999,53.906666666666666,24,1265.1033333333332,-921.2743333333333,2,1.32,2.9962,0.768525,518.27,13.5732
39.4-7.10,hom,2,41.57768,0.6931905333333334,7.951144666666666,10.133333333333333,14.666666666666666,671.1706666666668,-461.7026666666667,1.3333333333333333,5.693333333333333,2.0238133333333335,0.7973876166666667,70.17042666666666,1.8544803666666667
39.4-7.10,hom,6,1.7171536666666667,0.028619266666666667,0.16128403333333333,0,0,169.599,-169.599,0,0,2.5578733333333337,0.007191616666666667,0.391845,0.0363483
39.4-7.10,hom,10,10.935196666666666,0.182253,1.4353996666666666,1.0666666666666667,1.6666666666666667,378.16866666666664,-302.97766666666666,0,0,2.7088233333333336,0.12640823333333334,11.370076666666668,0.41992633333333335
39.4-7.10,hom,16,30.580133333333333,0.50988,8.063766666666668,5.533333333333333,7.666666666666667,1053.1616666666666,-992.864,0.3333333333333333,5.3999999999999995,2.7437466666666666,0.6535853333333334,29.526733333333333,1.133905
4.4-7.10,wt,4,93.15546666666667,1.5533166666666667,20.012533333333334,21.173333333333332,28.666666666666668,768.205,-538.704,3.3333333333333335,8.16,1.71088,1.1033516666666667,197.28900000000002,4.43705
4.4-7.10,wt,8,0.596411,0.009940206666666666,0.05610303333333333,0,0,103.794,-103.794,0,0,2.2729399999999997,0.002312973,0.058620566666666665,0.009471386666666666
4.4-7.10,wt,14,128.8898,2.1491266666666666,31.316633333333332,31.173333333333332,41,1189.4336666666666,-778.1306666666667,2,11.933333333333334,2.0633966666666668,0.9340813333333333,257.52433333333335,6.088863333333333
40.4-7.10,hom,2,9.346866666666667,0.15579613333333334,0.8657386,0.68,1.3333333333333333,184.156,-180.28633333333332,0,0,2.9280666666666666,0.00173547,3.6157896666666667,0.2955298
40.4-7.10,hom,6,42.38008666666667,0.706336,3.756856,10.186666666666667,6.666666666666667,236.172,-232.35333333333332,0,0,3.25846,0.013559043333333333,32.88143,2.039622
40.4-7.10,hom,10,5.744786333333333,0.09574644,0.5452265000000001,0,0,171.611,-164.653,0,0,2.639876666666667,0.007247879666666668,2.1823862666666667,0.15700934333333333
40.4-7.10,hom,16,1.4712966666666667,0.024540066666666666,0.14379633333333333,0,0,110.06033333333333,-107.94933333333334,0.3333333333333333,12.026666666666666,0.07293936666666667,7.283820000002528e-4,0.228879,0.028509766666666665
41.4-7.10,het,2,78.20363333333333,1.3038699999999999,12.142706666666667,19.946666666666665,31.333333333333332,569.54,-538.7246666666666,2.3333333333333335,9.746666666666666,1.7838456666666667,1.118255,108.6893,3.335383333333333
41.4-7.10,het,6,48.132000000000005,0.8022006666666667,7.853136666666667,10.48,17.666666666666668,731.336,-624.7923333333333,0.3333333333333333,2.3733333333333335,3.113523333333333,0.6354163333333334,75.4045,2.1264926666666666
41.4-7.10,het,10,81.83053333333334,1.3638433333333333,14.157733333333333,21.173333333333332,35.333333333333336,789.5989999999999,-578.1116666666667,4.666666666666667,19.093333333333334,1.004766,0.9356043333333333,115.47,3.40817
41.4-7.10,het,16,84.31306666666667,1.4059566666666667,14.12897,21.16,33.666666666666664,696.8036666666667,-465.2663333333333,6.333333333333333,21.746666666666666,0.6919746666666667,0.6423396666666668,102.87393333333333,3.2787333333333333
42.4-7.10,hom,2,13.462053333333333,0.22446566666666667,1.880855,1.6133333333333333,2.6666666666666665,283.873,-294.46933333333334,0.3333333333333333,4.44,2.1380826666666666,0.46424633333333337,17.458356666666667,0.5025703333333333
42.4-7.10,hom,6,10.514603333333334,0.1752434,2.6022083333333335,2.013333333333333,2.3333333333333335,454.0373333333333,-349.9676666666667,0.3333333333333333,0.64,2.988706666666667,0.24486421666666666,17.273762666666666,0.42078023333333336
42.4-7.10,hom,10,61.37489333333333,1.0229138666666666,12.563281,15.586666666666666,21.666666666666668,786.9523333333333,-640.2076666666667,2.6666666666666665,29.46666666666667,0.9376599999999999,0.8462033333333333,95.54247,2.6557553333333335
42.4-7.10,hom,16,111.75636666666666,1.8634033333333333,26.606033333333333,27.226666666666667,32.333333333333336,1419.0876666666668,-1079.089,4.333333333333333,11.906666666666666,1.7403633333333333,1.3380886666666667,164.16766666666666,4.599753333333333
43.4-7.10,wt,2,93.75353333333334,1.5632043333333334,18.492726666666666,23.293333333333333,31.333333333333332,731.3720000000001,-535.699,3.6666666666666665,14.64,1.3352003333333333,1.1495943333333334,147.47746666666666,4.03343
43.4-7.10,wt,6,19.85815,0.330969,3.391293333333333,4.533333333333333,5,408.5286666666667,-362.492,0.6666666666666666,37.82666666666667,0.588305,0.10375633333333333,23.713943666666665,0.7706231666666666
43.4-7.10,wt,10,41.55553333333334,0.6925923333333334,8.461383333333334,10.946666666666667,14,737.4336666666667,-595.3156666666666,1,16.48,0.7516206666666667,0.7410561333333333,69.2173,1.8835000000000002
43.4-7.10,wt,16,41.970866666666666,0.6997313333333333,8.500720000000001,9.546666666666667,15.333333333333334,821.1600000000001,-627.0926666666667,1,4.68,2.11284,0.552572,60.189933333333336,1.716887
44.4-7.10,hom,2,30.410366666666665,0.5068403333333333,40.7842,3.24,3.3333333333333335,2466.3,-2468.53,2.3333333333333335,44.49333333333333,0.8016030000000001,0.827063,40.060966666666666,0.8661926666666667
44.4-7.10,hom,6,18.684466666666665,0.31140766666666664,2.20585,1.5066666666666668,2.3333333333333335,303.1476666666667,-314.3693333333333,1.3333333333333333,39.10666666666667,0.25200310000000004,0.21998216,24.595233333333333,0.9790036666666666
44.4-7.10,hom,10,15.982023333333332,0.26636693333333333,5.334945666666667,1.4666666666666668,1,727.5903333333333,-515.724,0.3333333333333333,0.18666666666666668,1.70384,0.057334666666666666,30.968765333333334,0.6475225333333333
44.4-7.10,hom,16,20.67765,0.34502910999999997,6.1240825,2.5066666666666664,1,622.3983333333333,-607.0983333333334,0.6666666666666666,26.413333333333334,1.3949466666666668,0.5707050966666666,33.848621666666666,0.83168741
45.4-7.10,hom,2,1.9357166666666668,0.03227666666666667,0.17358500000000002,0,0,156.46266666666668,-156.46266666666668,1,60,0,0,0.210837,0.03348146666666667
45.4-7.10,hom,6,41.262100000000004,0.6877,7.919316666666667,8.693333333333333,11,606.8399999999999,-567.5986666666666,2,35.76,0.6025986333333333,0.70088019,75.33183333333334,1.8411613333333334
45.4-7.10,hom,10,8.110826333333334,0.1351806,1.4070238666666668,1.5333333333333334,2,389.4433333333333,-384.8073333333333,0.3333333333333333,5.973333333333334,0.3722775,0.18167582666666665,12.569589133333332,0.34016123333333337
45.4-7.10,hom,16,24.09851666666667,0.40170066666666665,3.3485223333333334,4.013333333333334,4.333333333333333,353.3976666666667,-295.66133333333335,0.3333333333333333,8.200000000000001,2.3032033333333333,1.00774448,15.597066666666667,0.73961
46.4-7.10,hom,2,107.41633333333333,1.7908866666666667,21.551833333333335,25.653333333333332,29.666666666666668,1009.3056666666666,-770.7946666666667,3,8.84,2.1515733333333333,1.2067743333333334,163.94666666666666,4.623986666666666
46.4-7.10,hom,6,10.517231666666666,0.1752872,1.5382123333333333,1.68,0.6666666666666666,274.6823333333333,-281.41333333333336,0,0,0.5883243333333333,7.283663333333334e-4,7.367195333333333,0.3652258666666667
46.4-7.10,hom,10,36.990473333333334,0.6165089666666667,7.892796,8.24,11.666666666666666,444.7513333333334,-349.986,0,0,1.2770883333333334,0.14168580000000108,64.40662333333333,1.6447619999999998
46.4-7.10,hom,16,116.3133,1.93944,24.349933333333333,31.253333333333334,35,1414.069,-762.486,3.3333333333333335,7.6000000000000005,2.214153333333333,1.43539,162.34933333333333,4.9415466666666665
47.4-7.10,hom,2,9.196986666666666,0.15330536666666666,2.659556333333333,1.1199999999999999,1.6666666666666667,543.0956666666667,-543.5356666666667,1.6666666666666667,59.973333333333336,2.9568233333333336e-5,2.33054e-6,16.312259333333333,0.2997087666666667
47.4-7.10,hom,6,16.74702,0.2791171666666667,2.165078333333333,3.5466666666666664,4,371.94733333333335,-335.19,0.6666666666666666,12.746666666666666,2.7170333333333336,1.8173121,14.520486666666667,0.6374240333333333
47.4-7.10,hom,10,38.099865333333334,0.6349973,5.808806566666667,9.626666666666667,13.333333333333334,430.77733333333333,-388.87966666666665,2.3333333333333335,33.733333333333334,0.8548926666666666,0.8768336666666666,40.41524033333334,1.4652026
47.4-7.10,hom,16,112.4682,1.8753766666666667,21.140966666666667,29.599999999999998,41,740.0936666666666,-700.6853333333333,3.3333333333333335,9.826666666666666,1.75464,1.0812133333333334,157.752,4.78162
48.4-7.10,het,2,9.03105,0.15056466666666668,0.9317193333333333,0.7066666666666667,1.3333333333333333,236.491,-242.25166666666667,0,0,3.06898,0.02340931,5.82145,0.31605
48.4-7.10,het,6,114.15263333333333,1.9025433333333335,19.925966666666667,29.893333333333334,39.333333333333336,711.326,-587.3323333333334,3,12.773333333333333,1.83608,1.3827099999999999,165.37,4.951413333333333
48.4-7.10,het,10,84.87053333333334,1.41451,15.389366666666666,22.333333333333336,31,897.6056666666666,-652.496,3.6666666666666665,12.84,1.6165500000000002,1.069011,122.03933333333333,3.7495600000000002
48.4-7.10,het,16,122.95326666666668,2.05002,21.634333333333334,30.133333333333333,38,640.651,-602.245,3.6666666666666665,11.226666666666667,1.8055999999999999,1.1767993333333333,172.39366666666666,5.225996666666667
49.4-7.10,het,2,135.35066666666665,2.2567866666666667,30.96613333333333,29.84,38.666666666666664,890.1026666666667,-716.581,6.666666666666667,13.186666666666667,1.3357,1.1576136666666668,233.87133333333333,5.9334299999999995
49.4-7.10,het,6,141.02433333333335,2.3504066666666668,30.450966666666666,33.093333333333334,37,1433.0246666666667,-1074.7186666666666,3,5.96,2.0838633333333334,1.0768856666666666,246.37366666666665,6.4997533333333335
49.4-7.10,het,10,126.61099999999999,2.1101833333333335,27.532833333333333,29.733333333333334,40,983.939,-780.389,6,17.213333333333335,1.3737866666666667,1.3442233333333333,238.04233333333332,5.85926
49.4-7.10,het,16,156.05166666666668,2.601993333333333,41.935633333333335,33.18666666666667,40.333333333333336,1700.0833333333335,-1491.3266666666668,6.333333333333333,11.24,1.3704633333333334,1.1601183333333334,244.53733333333332,6.4349533333333335
5.4-7.10,hom,4,71.23571333333332,1.1883424333333332,21.135765,10.733333333333334,6,1235.9933333333333,-1036.4866666666667,2.3333333333333335,1.3866666666666667,2.2681666666666667,0.5827907013333333,154.14788333333334,3.4277175333333334
5.4-7.10,hom,8,0.6057566666666666,0.010095966666666666,0.07001733333333333,0.16,0.3333333333333333,86.26366666666667,-59.645,0,0,0.19306566666666666,0.016289633333333334,0.6598700000000001,0.0287403
5.4-7.10,hom,14,1524.0319666666667,25.468298333333333,4104.05318,15.680000000000001,9,5913.94,-5697.643333333333,30,1.4266666666666667,2.49344,0.46560343333333337,880.4258,13.942297333333332
50.4-7.10,wt,2,63.09733333333334,1.0526886666666666,11.576663333333332,11.440000000000001,12,493.95533333333333,-396.48533333333336,1.3333333333333333,3.16,2.7654166666666664,0.5227975833333333,91.47396666666667,2.8665813333333334
50.4-7.10,wt,6,86.29206466666666,1.43819997,36.9834711,12.346666666666666,5.333333333333333,1323.585,-1247.8616666666667,3.6666666666666665,22.346666666666668,1.3568333766666667,0.9133352916666666,151.13302186666667,3.470187156666667
50.4-7.10,wt,10,6.575406666666667,0.10959023333333334,0.66106,0.12,0.3333333333333333,218.998,-218.998,0,0,2.89262,0.016020696666666667,2.896663333333333,0.19605066666666665
50.4-7.10,wt,16,9.007243333333333,0.15017533333333333,1.9250263333333333,1.1733333333333333,1.6666666666666667,408.05333333333334,-556.4133333333333,0,0,2.09675,0.020469934666666665,13.836673333333334,0.366004
51.4-7.10,hom,2,22.749933333333335,0.3793146666666667,6.410006666666667,3.5466666666666664,5,696.0889999999999,-964.601,0,0,3.49126,0.25343256666666664,40.1755,0.9198963333333333
51.4-7.10,hom,6,8.326841,0.13878080666666667,3.9000687,1.2933333333333332,2,709.9590000000001,-670.0323333333333,0,0,4.0644833333333334,0.0035607553333333332,19.175771333333334,0.35597553333333337
51.4-7.10,hom,10,2.37846,0.03964101333333333,0.21280390000000002,0,0,144.43633333333332,-141.98333333333335,0,0,3.6376066666666667,0.0037897583666666665,1.1434313,0.08789544333333334
51.4-7.10,hom,16,67.12743333333333,1.1193243333333334,11.574543333333333,15.506666666666666,22.666666666666668,583.9126666666666,-499.10433333333333,2.3333333333333335,20.386666666666667,1.285162,1.172241,127.92433333333334,3.07786
52.4-7.10,hom,2,1.1748283333333334,0.019582060000000002,0.10787646666666667,0,0,149.467,-149.467,0,0,3.39534,0.021687186666666667,0.4098406333333333,0.035669193333333335
52.4-7.10,hom,6,102.2702,1.7045066666666666,16.6787,27.733333333333334,34.333333333333336,823.3576666666667,-746.4956666666667,4.666666666666667,14.226666666666667,1.5848866666666666,1.5668433333333334,168.68066666666667,4.637016666666667
52.4-7.10,hom,10,214.195,3.56991,53.725966666666665,44.626666666666665,36.666666666666664,1816.3600000000001,-1199.984,1.6666666666666667,2.64,3.12826,0.9385063333333333,402.8833333333333,10.107503333333334
52.4-7.10,hom,16,49.56736666666667,0.826306,7.377316666666667,11.666666666666666,17,543.917,-459.92266666666666,4.666666666666667,21,0.7824026666666666,0.8338783333333334,70.85576666666667,2.047680333333333
53.4-7.10,hom,2,0,0,0,0,0,0,0,0,0,2.636503333333333,1.4619500038426667e-5,0,0
53.4-7.10,hom,6,0.5563346666666666,0.009272233333333333,0.0483965,0,0,94.31266666666666,-94.31266666666666,0,0,2.4933533333333333,0.0012230243333333332,0.12532133333333334,0.014411833333333334
53.4-7.10,hom,10,2.3382936666666665,0.038971566666666665,0.2569695,0.52,0.6666666666666666,164.88466666666667,-179.712,0,0,2.4598666666666666,0.0032049623333333336,1.0233888,0.07009342666666667
53.4-7.10,hom,16,15.398666666666667,0.25672233333333333,2.0638433333333333,1.8399999999999999,2.6666666666666665,564.0103333333334,-371.08933333333334,0,0,3.50482,0.031399696666666664,12.012706666666666,0.5195799999999999
54.4-7.10,wt,2,9.201663333333332,0.15344133333333332,0.996559,0.64,1,292.38233333333335,-237.73566666666667,1.3333333333333333,10.613333333333333,1.5606373333333334,0.5664399999999999,4.8633766666666665,0.258007
54.4-7.10,wt,6,17.910546666666665,0.298509,1.9999983333333333,1.9866666666666666,3.6666666666666665,410.3163333333333,-332.3763333333333,1,4.12,0.9900813333333334,0.5047676333333333,9.8371,0.531408
54.4-7.10,wt,10,9.83117,0.16385293333333334,1.2145886666666668,1.3333333333333333,1.6666666666666667,347.94533333333334,-317.09333333333336,0,0,2.42756,0.0641771,7.568323333333334,0.34213366666666667
54.4-7.10,wt,16,76.14167666666667,1.2691853,14.622678,17.146666666666665,14,682.3290000000001,-544.8826666666666,2,3.2133333333333334,2.0983066666666668,0.631881,95.44814,3.0296653333333334
55.4-7.10,het,2,21.979073333333332,0.3664206666666667,4.259403333333333,5,6.666666666666667,495.2776666666667,-351.392,0.3333333333333333,1.2933333333333332,2.4086733333333332,0.20423360000000002,43.745866666666664,1.0335573333333334
55.4-7.10,het,6,165.585,2.75975,36.112066666666664,39.4,41.333333333333336,1219.1953333333333,-778.5120000000001,3,3.6666666666666665,2.44551,0.9479546666666667,275.41533333333336,7.5300633333333336
55.4-7.10,het,10,129.90733333333333,2.1651233333333333,25.8973,31.746666666666666,35.333333333333336,708.0886666666667,-692.8316666666667,1.6666666666666667,5.2,2.216266666666667,0.8083636666666667,205.797,5.821056666666666
55.4-7.10,het,16,136.81889999999999,2.28178,28.746033333333333,30.786666666666665,34,834.598,-652.597,2.6666666666666665,4.4799999999999995,2.178976666666667,0.8663986666666667,206.69233333333332,5.929006666666666
56.4-7.10,hom,3,70.21963166666667,1.1706060666666667,23.6756216,13,16,1271.8806666666667,-1510.0273333333334,2.6666666666666665,2.48,2.1249933333333333,0.7829115333333333,117.7815013,2.7220483366666666
56.4-7.10,hom,7,42.01556666666667,0.70026,56.88753,3.16,4,2020.585,-2020.585,0,0,2.6111033333333333,0.08410256666666666,62.40693333333333,0.9308786666666666
56.4-7.10,hom,11,149.11683333333332,2.486550333333333,34.83703333333334,32.22666666666667,28,1252.9533333333334,-922.8353333333333,2.3333333333333335,3.6266666666666665,2.69948,1.0308467666666665,265.97203333333334,6.6411533333333335
56.4-7.10,hom,17,58.072966666666666,0.9687716666666667,5.134943333333333,15.786666666666667,13,236.67133333333334,-214.02966666666666,0,0,2.9827666666666666,0.022634116666666666,69.405,3.322936666666666
57.4-7.10,hom,3,140.11656666666667,2.33735,36.0847,32.74666666666667,41,1415.01,-886.4716666666667,4,8.8,1.8840033333333335,1.2353,292.19666666666666,6.805876666666666
57.4-7.10,hom,7,112.5797,1.87633,35.24346666666666,21.36,29.333333333333332,1340.4443333333334,-997.7616666666667,2.3333333333333335,3.8800000000000003,2.2539466666666668,0.7724556666666667,289.68566666666663,5.570703333333333
57.4-7.10,hom,11,41.14406666666667,0.6859466666666667,9.775156666666668,8.4,12.666666666666666,717.7379999999999,-449.82933333333335,2,2.7733333333333334,1.8226866666666668,0.5176046666666667,87.2916,1.88258
57.4-7.10,hom,17,15.2313,0.25415266666666664,2.8948666666666667,2.853333333333333,3.6666666666666665,536.1786666666667,-345.8283333333333,0,0,2.437873333333333,0.9284046666666667,24.0411,0.580379
58.4-7.10,wt,3,209.849,3.500496666666667,38.6749,47.8,35,761.771,-611.1763333333333,8,11.226666666666667,1.7635266666666667,1.8092,404.3643333333333,10.337256666666667
58.4-7.10,wt,7,2.971213333333333,0.0495202,0.26806603333333334,0,0,154.84633333333335,-154.034,0,0,3.1033333333333335,0.09474012,0.5926483333333333,0.06498396666666667
58.4-7.10,wt,11,3.0978266666666667,0.051659000000000004,0.28535299999999997,0,0,160.578,-160.578,0,0,2.9857,0.0017369899999999999,0.8574573333333333,0.08428253333333334
58.4-7.10,wt,17,3.2355133333333335,0.05402223333333333,0.3571273333333333,0.25333333333333335,0.6666666666666666,169.46233333333333,-176.54733333333334,0.3333333333333333,15.56,0.6623416666666666,0.06403529999999999,1.8857899999999999,0.08096186666666666
59.4-7.10,wt,3,106.10056666666667,1.7704466666666667,25.511266666666668,22.240000000000002,26.666666666666668,1210.0213333333334,-1052.4576666666667,1.3333333333333333,1.72,2.61557,0.656904,186.24166666666667,4.560163333333334
59.4-7.10,wt,7,11.876,0.19793366666666667,5.050423333333333,1.04,1.3333333333333333,947.0406666666667,-729.7656666666667,1.6666666666666667,27.853333333333335,1.1006711333333334,0.1640596,21.800533333333334,0.3926766666666667
59.4-7.10,wt,11,121.81016666666666,2.0311766666666666,32.8996,22.37333333333333,26.666666666666668,1065.4516666666666,-819.0193333333333,2.6666666666666665,4.4399999999999995,2.9237766666666665,1.44057,244.61266666666666,5.252906666666666
59.4-7.10,wt,17,13.595693333333333,0.226902,1.406447,2.3733333333333335,2,220.48466666666667,-213.88466666666667,0,0,3.6848566666666667,0.011429706666666666,6.254386666666667,0.4416603333333333
6.4-7.10,het,4,32.87765666666667,0.5480069666666667,12.227221,5.413333333333333,5.666666666666667,950.0133333333333,-764.7433333333333,1.6666666666666667,39.22666666666667,0.5486201666666667,0.20307810666666667,66.031227,1.5116456666666667
6.4-7.10,het,8,52.96563333333333,0.8827593333333333,12.394003333333334,10.373333333333333,12.333333333333334,809.275,-612.0016666666667,4,17.013333333333332,0.8891103333333333,0.5578495333333333,119.60786666666667,2.83176
6.4-7.10,het,14,57.506433333333334,0.9590296666666667,11.136053333333333,14.373333333333333,23,965.606,-765.0466666666667,2.6666666666666665,9.573333333333334,0.9482033333333333,0.8264936666666667,105.15636666666666,2.8121150000000004
60.4-7.10,hom,3,71.29453333333333,1.189534,12.95502,16.986666666666668,21,768.164,-599.8773333333334,4.333333333333333,6.12,1.8419233333333334,1.1238833333333333,137.7434,3.3135133333333333
60.4-7.10,hom,7,56.489349999999995,0.9414892666666667,11.452904666666667,11.84,15.333333333333334,553.732,-370.7973333333333,2.3333333333333335,34.74666666666667,0.92645,1.11448,97.89248066666666,2.4194025
60.4-7.10,hom,11,91.56156666666666,1.5268793333333333,16.449849999999998,21.04,30,676.3293333333334,-472.2423333333333,5,26.013333333333335,1.0316943333333333,1.061054,168.78446666666667,4.367463333333333
60.4-7.10,hom,17,31.282459333333332,0.52154102,4.862569833333334,6.359999999999999,11.666666666666666,297.34499999999997,-358.002,1,5.173333333333333,1.62679,0.7114519366666666,76.5633689,1.8146286933333333
61.4-7.10,hom,3,3.9699143333333335,0.06620582666666666,0.5328691666666667,0.37333333333333335,0.6666666666666666,290.844,-236.86266666666666,0,0,2.63192,0.26950861666666664,3.943186666666667,0.13172353333333334
61.4-7.10,hom,7,33.74028,0.5623382333333333,11.230981900000002,6.013333333333334,6,938.2713333333334,-419.23733333333337,1,1.6,2.47101,0.4941598503333333,85.81690533333334,1.5694254333333333
61.4-7.10,hom,11,3.4841166666666665,0.0580686,0.42500266666666664,0.6533333333333333,0.6666666666666666,167.463,-181.702,0,0,3.28577,0.0051581277233333335,5.370113333333333,0.18819966666666665
61.4-7.10,hom,17,8.547806666666666,0.14273526666666667,0.8388056666666666,1.5333333333333334,2.6666666666666665,175.27066666666667,-111.05066666666666,0,0,2.0202,0.08403030000000677,6.928486666666667,0.37689533333333336
62.4-7.10,wt,3,2.6595333333333335,0.0443642,0.25578566666666663,0,0,178.97166666666666,-184.50933333333333,0,0,3.2280433333333334,0.011424656666666666,1.085194,0.07594183333333333
62.4-7.10,wt,7,79.23826666666668,1.3206376666666668,14.602643333333335,19.413333333333334,30.666666666666668,604.996,-493.7203333333333,4.333333333333333,12.253333333333334,1.1329,0.8933266666666667,164.3694,4.03774
62.4-7.10,wt,11,143.67333333333332,2.39579,29.430666666666667,36.586666666666666,35,1016.322,-719.8643333333333,2.3333333333333335,3.7733333333333334,2.2926466666666667,0.9318023333333333,319.323,7.778586666666667
62.4-7.10,wt,17,31.971113333333335,0.5332413333333333,4.611333666666667,7.066666666666666,12.666666666666666,414.3086666666667,-325.40933333333334,2.6666666666666665,6.346666666666667,1.0748993333333334,0.5104953333333333,65.53642333333333,1.6376863333333334
63.4-7.10,hom,3,262.8136666666667,4.383876666666667,80.12310000000001,46.77333333333333,32.666666666666664,1963.77,-1198.9433333333334,2.6666666666666665,3.013333333333333,2.8262666666666667,1.0703186666666666,554.8066666666666,12.282933333333334
63.4-7.10,hom,7,310.71833333333336,5.17864,79.14386666666667,50.93333333333333,26.666666666666668,1414.2263333333333,-1190.1613333333335,5,4.8533333333333335,2.3788733333333334,1.2047933333333334,657.9016666666666,15.388766666666667
63.4-7.10,hom,11,12.19715,0.20337533333333332,1.565324,1.4666666666666668,2.6666666666666665,269.09833333333336,-277.77466666666663,0,0,2.9979766666666667,0.04135251633333333,13.18429,0.512193
63.4-7.10,hom,17,104.48016666666666,1.7442306666666667,51.12383333333334,17.493333333333332,16.666666666666668,1677.2603333333334,-1538.7246666666665,2,2.28,3.41908,0.5522657333333333,215.54766666666666,4.502744333333333
64.4-7.10,hom,3,4.018930666666666,0.06699886666666667,0.36859339999999996,0,0,165.406,-150.89366666666666,0,0,3.9928000000000003,6.911046666666666e-4,0.9477433333333334,0.09858633333333333
64.4-7.10,hom,7,7.55062,0.12584399999999998,0.7531553333333334,0.76,1,184.24699999999999,-204.81966666666665,0,0,3.3773866666666668,0.054230213,4.559997666666667,0.2627809
64.4-7.10,hom,11,1.87968,0.03134053333333334,0.1702007,0,0,155.71133333333333,-155.71133333333333,0,0,3.6918866666666665,0.0077363833333333335,0.23489866666666667,0.034578066666666664
64.4-7.10,hom,17,7.938373333333334,0.13244166666666668,0.8706596666666666,0.5466666666666667,1,283.62333333333333,-234.566,0.6666666666666666,16.2,0.9281873333333333,0.42906866666666665,5.591116666666667,0.22425366666666666
65.4-7.10,hom,3,11.60339,0.1936228,1.80265,1.8533333333333335,1.6666666666666667,312.93666666666667,-312.93666666666667,0,0,3.0606166666666668,0.0033788633333333333,9.753713333333334,0.42279
65.4-7.10,hom,7,106.67876666666666,1.7779813333333334,33.83356666666667,18.973333333333333,20.666666666666668,1338.8206666666667,-988.7986666666667,1.6666666666666667,3,3.32193,0.9259149999999999,229.7965,4.7110199999999995
65.4-7.10,hom,11,254.12833333333333,4.2370866666666664,88.93173333333333,42.053333333333335,45.333333333333336,1887.28,-1425.238,4.666666666666667,5.666666666666667,2.5606066666666667,1.504831,487.1816666666667,10.681143333333333
65.4-7.10,hom,17,250.691,4.18362,83.20230000000001,41.24,43,1901,-1564.76,2.6666666666666665,3.9066666666666667,3.04059,1.1648716666666665,453.46633333333335,10.14405
66.4-7.10,het,3,6.802224333333333,0.11344236,0.8166891666666667,0.5466666666666666,1,256.995,-232.486,0,0,2.43083,0.004209490966666667,7.4461684,0.24960353333333335
66.4-7.10,het,7,9.924883333333334,0.16541483333333334,1.4517033333333333,2.1066666666666665,2.3333333333333335,478.72900000000004,-297.24133333333333,0,0,1.8281233333333333,0.0036200606666666668,21.133860000000002,0.611517
66.4-7.10,het,11,0.205948,0.0034324666666666667,0.017655733333333333,0,0,44.071666666666665,-44.071666666666665,0,0,1.0942533333333333,0.00225256,0.018764966666666667,0.0035128
66.4-7.10,het,17,5.873226666666667,0.09805336666666667,0.9043899999999999,0.6133333333333334,0.6666666666666666,232.64666666666668,-243.486,0,0,3.203133333333333,0.0010322136666666667,7.48662,0.26434983333333334
67.4-7.10,wt,3,5.5043,0.0917753,0.5611666666666667,0.6933333333333334,1,200.02466666666666,-177.756,0,0,2.9356,0.0010301213333333333,2.1080586666666665,0.1665343
67.4-7.10,wt,7,30.775003333333334,0.5129169333333333,19.697667333333335,4.5600000000000005,5.333333333333333,953.5066666666667,-803.29,0,0,1.5443099999999998,0.5540581766666667,66.194746,1.3223065333333333
67.4-7.10,wt,11,47.1012,0.7852666666666667,225.11866666666668,2.3200000000000003,2.3333333333333335,8833.006666666666,-8841.68,0,0,2.90125,0.010877926666666666,65.66456666666667,0.7020846666666667
67.4-7.10,wt,17,0.6569079999999999,0.010956366666666667,0.060218933333333335,0,0,102.123,-102.123,0,0,0.9957453333333334,0.0021274843,0.121456,0.014873233333333334
68.4-7.10,hom,3,0.4291756666666667,0.007159203333333333,0.038427366666666664,0,0,93.52133333333333,-93.52133333333333,0,0,1.8410566666666668,0.00432849622,0.15104933333333334,0.013340333333333334
68.4-7.10,hom,7,98.72643333333333,1.6454366666666667,22.601200000000002,20.466666666666665,27.333333333333332,1162.641,-777.9293333333334,3.3333333333333335,9.626666666666667,2.16664,1.431503,201.55133333333333,4.610223333333334
68.4-7.10,hom,11,0.5814866666666666,0.009691466666666667,0.052805333333333336,0,0,49.867,-49.867,0,0,3.19429,1.873677e-4,0.12176633333333332,0.014534366666666666
68.4-7.10,hom,17,62.210366666666665,1.0383616666666666,5.053663333333333,18.373333333333335,15.333333333333334,315.06933333333336,-268.79533333333336,0,0,3.75182,0.020710646666666666,51.19006666666667,3.1366133333333335
69.4-7.10,het,3,6.005896666666667,0.10015873333333333,0.6117763333333334,0,0,209.15866666666668,-247.47566666666665,0,0,1.9892233333333333,0.30417436666666664,5.707454666666667,0.2024385
69.4-7.10,het,7,188.885,3.1480833333333336,57.012933333333336,34.24,32,1572.5023333333334,-1522.4153333333334,3.6666666666666665,13.346666666666666,2.020086666666667,1.5238333333333334,428.90099999999995,9.239496666666668
69.4-7.10,het,11,68.05951666666667,1.1345064,17.179441666666666,13.773333333333333,12.333333333333334,707.333,-519.1473333333333,1.3333333333333333,1.6666666666666667,2.6813833333333332,0.5591189666666667,114.31965666666667,2.9397926
69.4-7.10,het,17,11.034261333333333,0.18392697333333333,1.8523994333333333,2.2533333333333334,1.6666666666666667,322.52733333333333,-311.7283333333333,0,0,1.94309,0.003784818666666667,25.752548933333333,0.6606702866666667
7.4-7.10,het,4,6.649163333333333,0.11090459999999999,0.7067953333333334,0.39999999999999997,0.6666666666666666,251.21566666666666,-251.21566666666666,0,0,1.935302,0.0726197,6.660853333333334,0.25102813333333335
7.4-7.10,het,8,47.24064,0.7873436666666667,13.621003333333334,6.68,6,1122.1443333333334,-668.1063333333334,2.6666666666666665,5.186666666666667,1.3594023333333334,0.45790166666666665,88.92530000000001,2.1661696666666668
7.4-7.10,het,14,67.0881,1.1190033333333333,15.30846,12.893333333333333,14.333333333333334,828.2030000000001,-822.172,1,1.0266666666666666,2.71633,0.4990256666666667,114.53486666666667,2.9602483333333334
70.4-7.10,het,3,39.742376666666665,0.663211,7.831674333333333,7.866666666666667,10.333333333333334,503.25600000000003,-420.33233333333334,1.3333333333333333,15.946666666666667,1.7054663333333333,0.818636,79.09964666666667,1.8488566666666668
70.4-7.10,het,7,39.46705866666667,0.6577825333333334,10.95591,6.253333333333333,4.666666666666667,545.8936666666667,-548.5193333333333,0,0,1.3390833333333334,0.0027015526666666666,123.75854506666666,2.0690011333333334
70.4-7.10,het,11,200.97133333333335,3.351776666666667,97.74933333333334,29.52,32.333333333333336,1588.1363333333334,-1566.0266666666666,3,18.226666666666667,2.2350733333333332,2.3768766666666665,403.019,7.9792233333333336
70.4-7.10,het,17,22.172533333333334,0.369895,3.09722,5.1866666666666665,4.333333333333333,408.75266666666664,-377.4413333333334,0,0,2.4764066666666666,0.24421863333333332,29.001366666666666,1.1012706666666667
71.4-7.10,wt,3,1.8227776666666666,0.030417026666666666,0.17447666666666667,0,0,159.63400000000001,-159.63400000000001,0,0,2.3142933333333335,2.4579796666666665e-4,0.27065216666666664,0.035739983333333336
71.4-7.10,wt,7,19.09821666666667,0.3183031666666667,4.144065333333333,4.2,4.333333333333333,568.1286666666666,-487.193,0,0,3.2293066666666665,0.0031813299999999996,33.01231,0.8950134
71.4-7.10,wt,11,31.572866666666666,0.5264416666666667,3.4043866666666664,6.653333333333333,9,286.359,-333.82366666666667,0,0,1.059734,0.008860480666666667,19.771706666666667,1.1141466666666666
71.4-7.10,wt,17,4.763113333333333,0.07950736666666666,0.455766,0,0,169.564,-160.808,0,0,2.97051,0.0015480056666666666,1.4568746666666668,0.13604773333333334
72.4-7.10,het,3,180.59833333333333,3.0126066666666667,37.74133333333333,41.17333333333333,38,1647.365,-1067.7976666666666,6.333333333333333,6.013333333333334,2.3737933333333334,1.69537,332.9243333333333,8.54711
72.4-7.10,het,7,16.1189,0.26864866666666665,2.5021436666666665,2.64,4.666666666666667,378.68399999999997,-285.45733333333334,0,0,3.6386766666666666,0.19881736666666666,31.3776,0.7604846666666667
72.4-7.10,het,11,3.8846666666666665,0.06478919999999999,0.4259443333333333,0.6,1.3333333333333333,271.217,-222.17766666666665,0,0,2.7517366666666665,0.06238113333333333,4.382723,0.1626122
72.4-7.10,het,17,138.382,2.30884,31.787266666666667,30.64,40,1189.9823333333334,-812.4343333333333,4.666666666666667,8.053333333333335,1.98968,1.3808500000000001,252.237,6.2876199999999995
73.4-7.10,het,3,19.365716666666668,0.32277333333333336,4.038415666666666,3.986666666666667,4.666666666666667,310.867,-212.49066666666667,1,2.32,1.7668333333333333,0.38713109469999996,35.279666,0.821207
73.4-7.10,het,7,220.26933333333332,3.6711566666666666,47.329,48.906666666666666,34.666666666666664,1454.025,-1186.3353333333332,4.666666666666667,6.213333333333334,2.0989,1.149882,418.05966666666666,10.744346666666667
73.4-7.10,het,11,254.18833333333333,4.238440000000001,58.07436666666667,52,26.333333333333332,1960.03,-1662.7933333333333,3.6666666666666665,2.3066666666666666,2.809423333333333,1.039117,510.15799999999996,12.9374
73.4-7.10,het,17,320.932,5.35511,70.3059,56.093333333333334,17,1252.1433333333334,-1233.82,3.6666666666666665,2.8533333333333335,2.834363333333333,1.0063170000000001,615.2186666666666,16.087333333333333
74.4-7.10,wt,3,120.0893,2.0026903333333332,68.88326666666666,23,19.333333333333332,2062.38,-1260.2746666666667,6.666666666666667,12.173333333333332,1.1582346666666667,0.9561416666666667,244.69933333333336,5.345456666666666
74.4-7.10,wt,7,47.29506,0.7882516666666666,7.414558333333334,10,10.666666666666666,453.4873333333333,-267.352,1.3333333333333333,2.4266666666666667,2.5786566666666664,0.3144388166666667,88.16189333333334,2.6630233333333333
74.4-7.10,wt,11,155.94866666666667,2.600828,37.135416666666664,29.266666666666666,27.333333333333332,1113.8020000000001,-598.7006666666666,3.3333333333333335,4.72,2.5754766666666664,1.1758903333333333,302.4357,7.275343333333334
74.4-7.10,wt,17,206.11126666666667,3.440123333333333,57.66976666666667,37.92,39.333333333333336,1490.8933333333334,-1729.4143333333334,6,6.653333333333333,2.10793,1.5632473333333334,442.21500000000003,9.918666666666667
75.4-7.10,hom,3,0.14912133333333333,0.0024886733333333334,0.013920366666666668,0,0,48.018,-48.018,0,0,2.6432066666666665,0.0012052032,0.03425633333333333,0.0038911999999999996
75.4-7.10,hom,7,11.833663333333334,0.19722766666666666,1.040573,0.25333333333333335,0.6666666666666666,174.47333333333333,-174.543,0,0,3.14176,0.0036995166666666667,7.293876666666667,0.4885086666666667
75.4-7.10,hom,11,2.6904146666666664,0.0448464,0.25725133333333333,0,0,148.78199999999998,-147.86866666666666,0,0,2.547023333333333,5.332279066666667e-4,3.739793333333333,0.16030413333333332
75.4-7.10,hom,17,6.471246666666667,0.1079679,0.5738043333333334,0,0,160.87233333333333,-162.54466666666667,1,52.86666666666667,0.129989,0.14919433333333335,1.0376203333333334,0.12968266666666667
76.4-7.10,het,3,20.058238666666668,0.3347453,2.0042457666666667,4.133333333333333,5.333333333333333,259.326,-266.4,0,0,3.3589866666666666,0.008304491333333334,45.308612000000004,1.4200037333333333
76.4-7.10,het,7,71.80162333333334,1.1966928666666667,16.375172666666668,16.066666666666666,21,747.1220000000001,-541.3599999999999,1,1.0666666666666667,2.8635966666666666,0.3494015,147.54914333333335,3.56471
76.4-7.10,het,11,166.51733333333334,2.77623,46.25236666666667,33.693333333333335,42,1262.24,-989.1923333333334,3,9.48,2.1157033333333333,1.70797,309.918,7.366133333333333
76.4-7.10,het,17,38.16387666666667,0.6369714333333333,7.122547666666667,7.4399999999999995,10,495.80466666666666,-413.0733333333333,3,41.57333333333333,0.461345,0.690143,66.68575666666666,1.7516136666666666
77.4-7.10,het,3,7.239566666666667,0.12078433333333333,0.7963073333333334,0.5333333333333333,1.3333333333333333,266.5826666666667,-326.8813333333333,0,0,2.397213333333333,0.053436033333333334,8.773373333333334,0.26761133333333337
77.4-7.10,het,7,8.997910000000001,0.14996506666666667,0.9658236666666666,0.4,0.6666666666666666,336.818,-325.61266666666666,0,0,2.6195,0.011138366666666667,2.8480736666666666,0.23033566666666666
77.4-7.10,het,11,7.270153333333333,0.12119396666666667,0.6806923333333333,1.2,1.3333333333333333,163.01133333333334,-174.648,0,0,2.4953,6.573196666666667e-4,8.598876666666667,0.3967813333333333
77.4-7.10,het,17,193.83476666666667,3.2352133333333333,74.06336666666667,35.64,40,2297.846,-1528.679,1.3333333333333333,2.5066666666666664,2.0604533333333332,0.7889240000000001,347.38733333333334,8.113303333333333
78.4-7.10,het,3,3.176006666666667,0.052963366666666664,0.30971966666666667,0,0,184.39100000000002,-184.18933333333334,0,0,0.6358226666666666,0.0516194,2.4321509999999997,0.1099987
78.4-7.10,het,7,6.209546666666666,0.10349223333333334,0.669884,0.5733333333333334,1.3333333333333333,235.986,-235.986,1,43.053333333333335,0.12487,0.018081866666666665,6.051031666666667,0.2472723
78.4-7.10,het,11,5.553326666666667,0.0925887,0.558413,0,0,204.184,-234.93533333333335,0.6666666666666666,16.613333333333333,0.7015053333333333,0.15138463333333335,2.9303613333333334,0.17218203333333332
78.4-7.10,het,17,21.044583333333332,0.3511284,57.51610033333333,0.6533333333333333,1.3333333333333333,2246.0816666666665,-2232.632,0,0,2.8141766666666665,0.0012570253333333333,26.639433333333333,0.6350686666666666
79.4-7.10,wt,3,32.45003333333333,0.541281,11.976973333333333,4.8,7,1750.5983333333336,-1278.1286666666667,4,31.066666666666666,0.6783615766666666,0.6795427323333334,49.12873333333333,1.3784056666666666
79.4-7.10,wt,7,36.83069333333333,0.613846,24.065425,3.52,0.3333333333333333,982.3253333333333,-1102.4486666666667,1.3333333333333333,56.49333333333333,0.17755433333333334,0.46242,90.77827,1.451394
79.4-7.10,wt,11,8.4566,0.14094333333333334,1.3882233333333334,1.1333333333333333,1.6666666666666667,180.52633333333333,-130.40566666666666,1.3333333333333333,7.373333333333334,0.9842906666666666,0.10234336800003352,13.150266666666667,0.37936333333333333
79.4-7.10,wt,17,15.73348,0.26236933333333334,3.4049626666666666,2.08,2,386.5006666666667,-370.63766666666663,6,32.346666666666664,0.07920767333333334,0.0074684600000000005,51.09429333333333,0.9248753333333333
8.4-7.10,het,1,61.8143,1.0302393333333333,11.225836666666666,13.506666666666668,20.333333333333332,583.1393333333333,-455.9343333333333,3,15.44,1.7518033333333334,1.4755173333333333,114.26553333333334,2.8812966666666666
8.4-7.10,het,5,2.8346,0.04726603333333333,0.25599733333333335,0,0,154.91566666666668,-154.91566666666668,0,0,0.9562113333333333,0.0033638699999999997,0.3489813333333333,0.05236356666666667
8.4-7.10,het,9,4.36838,0.07280623333333333,0.5546516666666667,0.64,1.3333333333333333,239.387,-240.11300000000003,0,0,1.2534266666666667,0.10433938566666667,3.99176,0.14059733333333332
8.4-7.10,het,15,7.3490633333333335,0.12248433333333333,0.9867033333333333,1.0266666666666666,2,333.456,-415.80266666666665,1,48.480000000000004,0.14277199999999998,0.049890666666666666,4.951536666666667,0.21550066666666667
9.4-7.10,het,1,22.579766666666668,0.3763296666666667,3.8120499999999997,4.013333333333334,5.333333333333333,599.8846666666666,-620.7426666666667,0,0,2.2842333333333333,0.28905396666666666,29.721766666666667,0.8633183333333333
9.4-7.10,het,5,153.23166666666665,2.55585,28.11573333333333,36.266666666666666,37.666666666666664,905.1253333333333,-623.1313333333333,1.6666666666666667,1.8133333333333332,2.521533333333333,0.7853186666666666,224.236,6.64418
9.4-7.10,het,9,50.000933333333336,0.8335153333333334,9.128383333333334,11.013333333333334,16.666666666666668,693.7553333333333,-404.97066666666666,1.6666666666666667,5,1.796597,1.0499003333333334,67.72753333333333,1.947594
9.4-7.10,het,15,22.4588,0.37431333333333333,3.2502986666666667,4.346666666666667,6.333333333333333,396.39933333333335,-275.68433333333337,1,1.2133333333333334,2.487546666666667,0.2778991,23.556340000000002,0.8113303333333334
